RastStorageModel:products;title:new_added_products;searchCols:;updateCols:;boolCols:
Наименование;Количество;Номер
Молоко;1;2
Молоко;1;3
Молоко;1;4
Молоко;1;5
Молоко;1;6
Молоко;1;7
Молоко;1;8
Молоко;1;9
Молоко;1;10
Молоко;1;11
Молоко;1;12
Молоко;1;13
Молоко;1;14
Молоко;1;15
Молоко;1;16
Молоко;1;17
Молоко;1;18
Молоко;1;19
Молоко;1;20
Молоко;1;21
Молоко;1;22
Молоко;1;23
Молоко;1;24
Молоко;1;25
Молоко;1;26
Молоко;1;27
Молоко;1;28
Молоко;1;29
Молоко;1;30
Молоко;1;31
Молоко;1;32
Молоко;1;33
Молоко;1;34
Молоко;1;35
Молоко;1;36
Молоко;1;37
Молоко;1;38
Молоко;1;39
Молоко;1;40
Молоко;1;41
Молоко;1;42
Молоко;1;43
Молоко;1;44
Молоко;1;45
Молоко;1;46
Молоко;1;47
Молоко;1;48
Молоко;1;49
Молоко;1;50
Молоко;1;51
Молоко;1;52
Молоко;1;53
Молоко;1;54
Молоко;1;55
Молоко;1;56
Молоко;1;57
Молоко;1;58
Молоко;1;59
Молоко;1;60
Молоко;1;61
Молоко;1;62
Молоко;1;63
Молоко;1;64
Молоко;1;65
Молоко;1;66
Молоко;1;67
Молоко;1;68
Молоко;1;69
Молоко;1;70
Молоко;1;71
Молоко;1;72
Молоко;1;73
Молоко;1;74
Молоко;1;75
Молоко;1;76
Молоко;1;77
Молоко;1;78
Молоко;1;79
Молоко;1;80
Молоко;1;81
Молоко;1;82
Молоко;1;83
Молоко;1;84
Молоко;1;85
Молоко;1;86
Молоко;1;87
Молоко;1;88
Молоко;1;89
Молоко;1;90
Молоко;1;91
Молоко;1;92
Молоко;1;93
Молоко;1;94
Молоко;1;95
Молоко;1;96
Молоко;1;97
Молоко;1;98
Молоко;1;99
Молоко;1;100
Молоко;1;101
Молоко;1;102
Молоко;1;103
Молоко;1;104
Молоко;1;105
Молоко;1;106
Молоко;1;107
Молоко;1;108
Молоко;1;109
Молоко;1;110
Молоко;1;111
хлиб;1;112
хлиб;1;113
буличка;1;114
буличка;1;115
буличка;1;116
буличка;1;117
буличка;1;118
буличка;1;119
буличка;1;120
буличка;1;121
буличка;1;122
буличка;1;123
буличка;1;124
буличка;1;125
буличка;1;126
буличка;1;127
буличка;1;128
;;
